-- phpMyAdmin SQL Dump
-- version 3.5.1
-- http://www.phpmyadmin.net
--
-- Host: localhost
-- Generation Time: Mar 18, 2013 at 02:21 AM
-- Server version: 5.5.25
-- PHP Version: 5.4.4

SET SQL_MODE="NO_AUTO_VALUE_ON_ZERO";
SET time_zone = "+00:00";

--
-- Database: `rein`
--

-- --------------------------------------------------------

--
-- Table structure for table `access`
--

CREATE TABLE `access` (
  `a_id` varchar(21) COLLATE utf8_bin NOT NULL,
  `u_id` bigint(11) NOT NULL,
  `s_id` tinyint(4) NOT NULL,
  `access_token` varchar(70) COLLATE utf8_bin NOT NULL,
  `access_token_secret` varchar(70) COLLATE utf8_bin DEFAULT NULL,
  `access_status` varchar(10) COLLATE utf8_bin NOT NULL DEFAULT 'active',
  `fgn_user_id` varchar(40) COLLATE utf8_bin DEFAULT NULL,
  PRIMARY KEY (`a_id`),
  UNIQUE KEY `a_id` (`a_id`),
  KEY `user_id` (`u_id`),
  KEY `service_id` (`s_id`)
) ENGINE=InnoDB DEFAULT CHARSET=utf8 COLLATE=utf8_bin;

--
-- Dumping data for table `access`
--

INSERT INTO `access` (`a_id`, `u_id`, `s_id`, `access_token`, `access_token_secret`, `access_status`, `fgn_user_id`) VALUES
('24-2', 24, 2, '50301110.89167de.b9d6dab7f3874ee4966bb05fcb75e4b0', 'not set', 'active', 'not set'),
('24-3', 24, 3, 'd09d3fcdafa1a28c072f6faa70b4df22', 'f45b49992c2a42a971bc8cb96891bb1abf2837ff', 'active', 'not set'),
('24-4', 24, 4, '0.qHgfEs.fRElqGCVk2BlXCUMZb7sk1_', 'not set', 'active', '260408'),
('25-4', 25, 4, 'ODHIomWssZehdZBvgmzXAwTWgMvhFUL8', 'not set', 'active', '260408'),
('26-2', 26, 2, '50301110.89167de.b9d6dab7f3874ee4966bb05fcb75e4b0', 'not set', 'active', 'not set'),
('26-3', 26, 3, '9f6d69500099cc7ca26834b789731586', '551ab822b2c1a0e45851b9db403fea9231813085', 'active', 'not set'),
('26-4', 26, 4, 'rtf3XmEutZUwNMkDxaXy2aaClYe88cv0', 'not set', 'active', '260408');

-- --------------------------------------------------------

--
-- Table structure for table `posts`
--

CREATE TABLE `posts` (
  `p_id` bigint(20) NOT NULL AUTO_INCREMENT,
  `post_foreign_id` varchar(70) COLLATE utf8_bin NOT NULL,
  `created_date` datetime NOT NULL,
  `favorited_date` date DEFAULT NULL,
  `status` varchar(12) COLLATE utf8_bin NOT NULL,
  `value` longtext COLLATE utf8_bin NOT NULL,
  `source` text COLLATE utf8_bin,
  `param` text COLLATE utf8_bin,
  `caption` text COLLATE utf8_bin,
  `type` varchar(40) COLLATE utf8_bin NOT NULL,
  `batch_id` varchar(10) COLLATE utf8_bin NOT NULL,
  PRIMARY KEY (`p_id`),
  UNIQUE KEY `post_foreign_id` (`post_foreign_id`),
  KEY `post_foreign_id_2` (`post_foreign_id`)
) ENGINE=InnoDB  DEFAULT CHARSET=utf8 COLLATE=utf8_bin COMMENT='This table stores the posts IDs and related User''s Id.' AUTO_INCREMENT=1800 ;

--
-- Dumping data for table `posts`
--

INSERT INTO `posts` (`p_id`, `post_foreign_id`, `created_date`, `favorited_date`, `status`, `value`, `source`, `param`, `caption`, `type`, `batch_id`) VALUES
(1711, '4-6926699', '2013-01-31 00:25:19', NULL, 'active', 0x68747470733a2f2f7777772e626568616e63652e6e65742f696d616765732f70726f66696c6573342f3138373139362f70726f6a656374732f363932363639392f3233307863383231613030646633333132396335626638646163613838653364396562312e6a7067, 0x68747470733a2f2f7777772e626568616e63652e6e65742f67616c6c6572792f64697274792d726964652f36393236363939, 0x7b0a20202020202009090909202022757365725f6964222009092020203a2022313837313936220a202020202020090909092c2022757365725f6e616d65222020202020203a2022546f6d61737a205573796b220a202020202020090909090a202020202020090909092c2022757365725f75726c22202020202020203a2022687474703a2f2f7777772e626568616e63652e6e65742f746f6d61737a7573796b220a202020202020090909092c2022636f756e7472792220202020202020203a20224972656c616e64220a202020202020090909092c2022706f73745f747970652220092020203a20226170707265636961746564220a202020202020090909092c202274616773222020200909092020203a20224469676974616c20417274220a202020202020090909092c20227468756d626e61696c222020202020203a202268747470733a2f2f7777772e626568616e63652e6e65742f696d616765732f70726f66696c6573342f3138373139362f70726f6a656374732f363932363639392f3233307863383231613030646633333132396335626638646163613838653364396562312e6a7067220a20202020202020207d, NULL, '', ''),
(1712, '4-5496049', '2012-10-13 03:58:36', NULL, 'active', 0x68747470733a2f2f7777772e626568616e63652e6e65742f696d616765732f70726f66696c6573352f3138383339302f70726f6a656374732f353439363034392f3233307863623836333332386439343836313334633262336631666434306235613366382e6a7067, 0x68747470733a2f2f7777772e626568616e63652e6e65742f67616c6c6572792f43432d53616261746869612d506f737465722d4e696768742f35343936303439, 0x7b0a20202020202009090909202022757365725f6964222009092020203a2022313838333930220a202020202020090909092c2022757365725f6e616d65222020202020203a20224d696b65204d61636368696f6e65220a202020202020090909090a202020202020090909092c2022757365725f75726c22202020202020203a2022687474703a2f2f7777772e626568616e63652e6e65742f6d61636368696f6e65220a202020202020090909092c2022636f756e7472792220202020202020203a2022556e6974656420537461746573220a202020202020090909092c2022706f73745f747970652220092020203a20226170707265636961746564220a202020202020090909092c202274616773222020200909092020203a202241727420446972656374696f6e220a202020202020090909092c20227468756d626e61696c222020202020203a202268747470733a2f2f7777772e626568616e63652e6e65742f696d616765732f70726f66696c6573352f3138383339302f70726f6a656374732f353439363034392f3233307863623836333332386439343836313334633262336631666434306235613366382e6a7067220a20202020202020207d, NULL, '', ''),
(1713, '4-6657553', '2013-01-14 03:45:25', NULL, 'active', 0x68747470733a2f2f7777772e626568616e63652e6e65742f696d616765732f70726f66696c6573322f3138373334302f70726f6a656374732f363635373535332f3233307831373733386166346238366235613535303132653833623565323136616262382e6a7067, 0x68747470733a2f2f7777772e626568616e63652e6e65742f67616c6c6572792f576f726b2d323031322d323031332f36363537353533, 0x7b0a20202020202009090909202022757365725f6964222009092020203a2022313837333430220a202020202020090909092c2022757365725f6e616d65222020202020203a2022416e6472657720417263686572220a202020202020090909090a202020202020090909092c2022757365725f75726c22202020202020203a2022687474703a2f2f7777772e626568616e63652e6e65742f616e64726577617263686572220a202020202020090909092c2022636f756e7472792220202020202020203a20224e6577205a65616c616e64220a202020202020090909092c2022706f73745f747970652220092020203a20226170707265636961746564220a202020202020090909092c202274616773222020200909092020203a2022496c6c757374726174696f6e220a202020202020090909092c20227468756d626e61696c222020202020203a202268747470733a2f2f7777772e626568616e63652e6e65742f696d616765732f70726f66696c6573322f3138373334302f70726f6a656374732f363635373535332f3233307831373733386166346238366235613535303132653833623565323136616262382e6a7067220a20202020202020207d, NULL, '', ''),
(1714, '4-149397', '2008-11-20 21:46:34', NULL, 'active', 0x68747470733a2f2f7777772e626568616e63652e6e65742f696d616765732f70726f66696c65732f38353039392f70726f6a656374732f3134393339372f303835303939313232373231333931342e6a7067, 0x68747470733a2f2f7777772e626568616e63652e6e65742f67616c6c6572792f6c6f676f732f313439333937, 0x7b0a20202020202009090909202022757365725f6964222009092020203a20223835303939220a202020202020090909092c2022757365725f6e616d65222020202020203a202253656261737469616e204973706173220a202020202020090909090a202020202020090909092c2022757365725f75726c22202020202020203a2022687474703a2f2f7777772e626568616e63652e6e65742f746d6261737469220a202020202020090909092c2022636f756e7472792220202020202020203a2022526f6d616e6961220a202020202020090909092c2022706f73745f747970652220092020203a20226170707265636961746564220a202020202020090909092c202274616773222020200909092020203a202244657369676e220a202020202020090909092c20227468756d626e61696c222020202020203a202268747470733a2f2f7777772e626568616e63652e6e65742f696d616765732f70726f66696c65732f38353039392f70726f6a656374732f3134393339372f303835303939313232373231333931342e6a7067220a20202020202020207d, NULL, '', ''),
(1715, '4-2646825', '2011-12-08 07:23:39', NULL, 'active', 0x68747470733a2f2f7777772e626568616e63652e6e65742f696d616765732f70726f66696c6573352f3130363735312f70726f6a656374732f323634363832352f66333762663335303735633065316236623563633236373065343230636235352e6a7067, 0x68747470733a2f2f7777772e626568616e63652e6e65742f67616c6c6572792f4c4f474f2d44455349474e2d70726f6a656374732d323031312f32363436383235, 0x7b0a20202020202009090909202022757365725f6964222009092020203a2022313036373531220a202020202020090909092c2022757365725f6e616d65222020202020203a2022416c65782054617373220a202020202020090909090a202020202020090909092c2022757365725f75726c22202020202020203a2022687474703a2f2f7777772e626568616e63652e6e65742f416c657854617373220a202020202020090909092c2022636f756e7472792220202020202020203a2022526f6d616e6961220a202020202020090909092c2022706f73745f747970652220092020203a20226170707265636961746564220a202020202020090909092c202274616773222020200909092020203a20224c6f676f2064657369676e220a202020202020090909092c20227468756d626e61696c222020202020203a202268747470733a2f2f7777772e626568616e63652e6e65742f696d616765732f70726f66696c6573352f3130363735312f70726f6a656374732f323634363832352f66333762663335303735633065316236623563633236373065343230636235352e6a7067220a20202020202020207d, NULL, '', ''),
(1716, '4-142521', '2008-10-31 19:55:19', NULL, 'active', 0x68747470733a2f2f7777772e626568616e63652e6e65742f696d616765732f70726f66696c65732f35393131392f70726f6a656374732f3134323532312f303539313139313237343832333834302e6a7067, 0x68747470733a2f2f7777772e626568616e63652e6e65742f67616c6c6572792f436974796361622d706f737465722f313432353231, 0x7b0a20202020202009090909202022757365725f6964222009092020203a20223539313139220a202020202020090909092c2022757365725f6e616d65222020202020203a20224d65686d657420476f7a65746c696b220a202020202020090909090a202020202020090909092c2022757365725f75726c22202020202020203a2022687474703a2f2f7777772e626568616e63652e6e65742f6d676f7a65746c696b220a202020202020090909092c2022636f756e7472792220202020202020203a20225475726b6579220a202020202020090909092c2022706f73745f747970652220092020203a20226170707265636961746564220a202020202020090909092c202274616773222020200909092020203a202246696e652041727473220a202020202020090909092c20227468756d626e61696c222020202020203a202268747470733a2f2f7777772e626568616e63652e6e65742f696d616765732f70726f66696c65732f35393131392f70726f6a656374732f3134323532312f303539313139313237343832333834302e6a7067220a20202020202020207d, NULL, '', ''),
(1717, '4-2385106', '2011-10-26 15:25:55', NULL, 'active', 0x68747470733a2f2f7777772e626568616e63652e6e65742f696d616765732f70726f66696c6573332f3137373836362f70726f6a656374732f323338353130362f38353365333538646535396137616165373066376261643231646262643765632e6a7067, 0x68747470733a2f2f7777772e626568616e63652e6e65742f67616c6c6572792f46616d696c6961722d46616365732f32333835313036, 0x7b0a20202020202009090909202022757365725f6964222009092020203a2022313737383636220a202020202020090909092c2022757365725f6e616d65222020202020203a20224d61747420486f796c65220a202020202020090909090a202020202020090909092c2022757365725f75726c22202020202020203a2022687474703a2f2f7777772e626568616e63652e6e65742f6d617474686f796c65220a202020202020090909092c2022636f756e7472792220202020202020203a2022556e6974656420537461746573220a202020202020090909092c2022706f73745f747970652220092020203a20226170707265636961746564220a202020202020090909092c202274616773222020200909092020203a202250686f746f677261706879220a202020202020090909092c20227468756d626e61696c222020202020203a202268747470733a2f2f7777772e626568616e63652e6e65742f696d616765732f70726f66696c6573332f3137373836362f70726f6a656374732f323338353130362f38353365333538646535396137616165373066376261643231646262643765632e6a7067220a20202020202020207d, NULL, '', ''),
(1718, '4-2401896', '2011-10-29 12:14:15', NULL, 'active', 0x68747470733a2f2f7777772e626568616e63652e6e65742f696d616765732f70726f66696c657331332f3236353835382f70726f6a656374732f323430313839362f38333965383437373733643633306361653430306662653130653930316636362e6a7067, 0x68747470733a2f2f7777772e626568616e63652e6e65742f67616c6c6572792f4d657263656465732d42656e7a2d5346312d636f6e636570742f32343031383936, 0x7b0a20202020202009090909202022757365725f6964222009092020203a2022323635383538220a202020202020090909092c2022757365725f6e616d65222020202020203a2022537465656c204472616b65220a202020202020090909090a202020202020090909092c2022757365725f75726c22202020202020203a2022687474703a2f2f7777772e626568616e63652e6e65742f737465656c6472616b65220a202020202020090909092c2022636f756e7472792220202020202020203a20224b797267797a7374616e220a202020202020090909092c2022706f73745f747970652220092020203a20226170707265636961746564220a202020202020090909092c202274616773222020200909092020203a2022496e647573747269616c2044657369676e220a202020202020090909092c20227468756d626e61696c222020202020203a202268747470733a2f2f7777772e626568616e63652e6e65742f696d616765732f70726f66696c657331332f3236353835382f70726f6a656374732f323430313839362f38333965383437373733643633306361653430306662653130653930316636362e6a7067220a20202020202020207d, NULL, '', ''),
(1719, '4-1763950', '2011-07-10 21:39:22', NULL, 'active', 0x68747470733a2f2f7777772e626568616e63652e6e65742f696d616765732f70726f66696c6573372f3533353933382f70726f6a656374732f313736333935302f3233307861366266633764663136623139333837633435636533373162306161653535302e6a7067, 0x68747470733a2f2f7777772e626568616e63652e6e65742f67616c6c6572792f706f7274666f6c696f2d322f31373633393530, 0x7b0a20202020202009090909202022757365725f6964222009092020203a2022353335393338220a202020202020090909092c2022757365725f6e616d65222020202020203a20225279616e20536368756465220a202020202020090909090a202020202020090909092c2022757365725f75726c22202020202020203a2022687474703a2f2f7777772e626568616e63652e6e65742f7279616e736368756465220a202020202020090909092c2022636f756e7472792220202020202020203a2022556e6974656420537461746573220a202020202020090909092c2022706f73745f747970652220092020203a20226170707265636961746564220a202020202020090909092c202274616773222020200909092020203a202250686f746f677261706879220a202020202020090909092c20227468756d626e61696c222020202020203a202268747470733a2f2f7777772e626568616e63652e6e65742f696d616765732f70726f66696c6573372f3533353933382f70726f6a656374732f313736333935302f3233307861366266633764663136623139333837633435636533373162306161653535302e6a7067220a20202020202020207d, NULL, '', ''),
(1720, '4-676135', '2010-08-31 21:05:16', NULL, 'active', 0x68747470733a2f2f7777772e626568616e63652e6e65742f696d616765732f70726f66696c6573352f3130363735312f70726f6a656374732f3637363133352f32346139613631633839376532656165663761303333373465663137326263352e6a7067, 0x68747470733a2f2f7777772e626568616e63652e6e65742f67616c6c6572792f4c4f474f2d44455349474e2d70726f6a656374732d323031302f363736313335, 0x7b0a20202020202009090909202022757365725f6964222009092020203a2022313036373531220a202020202020090909092c2022757365725f6e616d65222020202020203a2022416c65782054617373220a202020202020090909090a202020202020090909092c2022757365725f75726c22202020202020203a2022687474703a2f2f7777772e626568616e63652e6e65742f416c657854617373220a202020202020090909092c2022636f756e7472792220202020202020203a2022526f6d616e6961220a202020202020090909092c2022706f73745f747970652220092020203a20226170707265636961746564220a202020202020090909092c202274616773222020200909092020203a20224272616e64696e67220a202020202020090909092c20227468756d626e61696c222020202020203a202268747470733a2f2f7777772e626568616e63652e6e65742f696d616765732f70726f66696c6573352f3130363735312f70726f6a656374732f3637363133352f32346139613631633839376532656165663761303333373465663137326263352e6a7067220a20202020202020207d, NULL, '', ''),
(1721, '4-1345957', '2011-05-02 18:43:26', NULL, 'active', 0x68747470733a2f2f7777772e626568616e63652e6e65742f696d616765732f70726f66696c65732f37333731392f70726f6a656374732f313334353935372f32303836636534656666356363393638623435643035633335376534323935612e6a7067, 0x68747470733a2f2f7777772e626568616e63652e6e65742f67616c6c6572792f566172696f75732f31333435393537, 0x7b0a20202020202009090909202022757365725f6964222009092020203a20223733373139220a202020202020090909092c2022757365725f6e616d65222020202020203a202252617a76616e20436f737465220a202020202020090909090a202020202020090909092c2022757365725f75726c22202020202020203a2022687474703a2f2f7777772e626568616e63652e6e65742f67696d6d69636b616c220a202020202020090909092c2022636f756e7472792220202020202020203a2022526f6d616e6961220a202020202020090909092c2022706f73745f747970652220092020203a20226170707265636961746564220a202020202020090909092c202274616773222020200909092020203a2022477261706869632044657369676e220a202020202020090909092c20227468756d626e61696c222020202020203a202268747470733a2f2f7777772e626568616e63652e6e65742f696d616765732f70726f66696c65732f37333731392f70726f6a656374732f313334353935372f32303836636534656666356363393638623435643035633335376534323935612e6a7067220a20202020202020207d, NULL, '', ''),
(1722, '4-94133', '2008-05-22 22:23:12', NULL, 'active', 0x68747470733a2f2f7777772e626568616e63652e6e65742f696d616765732f70726f66696c65732f37333731392f70726f6a656374732f39343133332f34336462613934663832313530376132623236626132343264346562633135392e6a7067, 0x68747470733a2f2f7777772e626568616e63652e6e65742f67616c6c6572792f5072696e742f3934313333, 0x7b0a20202020202009090909202022757365725f6964222009092020203a20223733373139220a202020202020090909092c2022757365725f6e616d65222020202020203a202252617a76616e20436f737465220a202020202020090909090a202020202020090909092c2022757365725f75726c22202020202020203a2022687474703a2f2f7777772e626568616e63652e6e65742f67696d6d69636b616c220a202020202020090909092c2022636f756e7472792220202020202020203a2022526f6d616e6961220a202020202020090909092c2022706f73745f747970652220092020203a20226170707265636961746564220a202020202020090909092c202274616773222020200909092020203a20224164766572746973696e67220a202020202020090909092c20227468756d626e61696c222020202020203a202268747470733a2f2f7777772e626568616e63652e6e65742f696d616765732f70726f66696c65732f37333731392f70726f6a656374732f39343133332f34336462613934663832313530376132623236626132343264346562633135392e6a7067220a20202020202020207d, NULL, '', ''),
(1723, '4-805768', '2010-11-12 20:39:02', NULL, 'active', 0x68747470733a2f2f7777772e626568616e63652e6e65742f696d616765732f70726f66696c657331312f3236303430382f70726f6a656374732f3830353736382f63663136636365373663363336333335626234643133633163366632373263352e6a7067, 0x68747470733a2f2f7777772e626568616e63652e6e65742f67616c6c6572792f5468652d4672656e63682d4d6f7669652d4e696768742d506f737465722d436f6c6c656374696f6e2f383035373638, 0x7b0a20202020202009090909202022757365725f6964222009092020203a2022323630343038220a202020202020090909092c2022757365725f6e616d65222020202020203a20226761627269656c20636174616c696e2074726f6961220a202020202020090909090a202020202020090909092c2022757365725f75726c22202020202020203a2022687474703a2f2f7777772e626568616e63652e6e65742f6761627269656c636174616c696e220a202020202020090909092c2022636f756e7472792220202020202020203a2022556e6974656420537461746573220a202020202020090909092c2022706f73745f747970652220092020203a20226170707265636961746564220a202020202020090909092c202274616773222020200909092020203a2022477261706869632044657369676e220a202020202020090909092c20227468756d626e61696c222020202020203a202268747470733a2f2f7777772e626568616e63652e6e65742f696d616765732f70726f66696c657331312f3236303430382f70726f6a656374732f3830353736382f63663136636365373663363336333335626234643133633163366632373263352e6a7067220a20202020202020207d, NULL, '', ''),
(1724, '4-432649', '2010-02-24 01:24:39', NULL, 'active', 0x68747470733a2f2f7777772e626568616e63652e6e65742f696d616765732f70726f66696c6573352f3130353933362f70726f6a656374732f3433323634392f3233307830313035393336313236363937303938342e6a7067, 0x68747470733a2f2f7777772e626568616e63652e6e65742f67616c6c6572792f42726964676573746f6e652d46616c636f6e2f343332363439, 0x7b0a20202020202009090909202022757365725f6964222009092020203a2022313035393336220a202020202020090909092c2022757365725f6e616d65222020202020203a202253616d697220536164696b686f76220a202020202020090909090a202020202020090909092c2022757365725f75726c22202020202020203a2022687474703a2f2f7777772e626568616e63652e6e65742f73616d697273616469786f76220a202020202020090909092c2022636f756e7472792220202020202020203a2022417a65726261696a616e220a202020202020090909092c2022706f73745f747970652220092020203a20226170707265636961746564220a202020202020090909092c202274616773222020200909092020203a20224175746f6d6f746976652044657369676e220a202020202020090909092c20227468756d626e61696c222020202020203a202268747470733a2f2f7777772e626568616e63652e6e65742f696d616765732f70726f66696c6573352f3130353933362f70726f6a656374732f3433323634392f3233307830313035393336313236363937303938342e6a7067220a20202020202020207d, NULL, '', ''),
(1725, '4-1123081', '2011-03-15 19:05:41', NULL, 'active', 0x68747470733a2f2f7777772e626568616e63652e6e65742f696d616765732f70726f66696c6573352f3130353933362f70726f6a656374732f313132333038312f35646566373335666236356237653531323233343166633436343164353532372e6a7067, 0x68747470733a2f2f7777772e626568616e63652e6e65742f67616c6c6572792f496e636570746f2d47542f31313233303831, 0x7b0a20202020202009090909202022757365725f6964222009092020203a2022313035393336220a202020202020090909092c2022757365725f6e616d65222020202020203a202253616d697220536164696b686f76220a202020202020090909090a202020202020090909092c2022757365725f75726c22202020202020203a2022687474703a2f2f7777772e626568616e63652e6e65742f73616d697273616469786f76220a202020202020090909092c2022636f756e7472792220202020202020203a2022417a65726261696a616e220a202020202020090909092c2022706f73745f747970652220092020203a20226170707265636961746564220a202020202020090909092c202274616773222020200909092020203a20224175746f6d6f746976652044657369676e220a202020202020090909092c20227468756d626e61696c222020202020203a202268747470733a2f2f7777772e626568616e63652e6e65742f696d616765732f70726f66696c6573352f3130353933362f70726f6a656374732f313132333038312f35646566373335666236356237653531323233343166633436343164353532372e6a7067220a20202020202020207d, NULL, '', ''),
(1756, '2-412776334579570703_13674965', '2013-03-16 05:39:55', NULL, 'active', 0x687474703a2f2f64697374696c6c657279696d61676531312e73332e616d617a6f6e6177732e636f6d2f37353965613034383865316431316532383737303232303030613966313237385f372e6a7067, '', 0x7b0a202009090909202022757365725f6964222009093a20223133363734393635220a2020090909092c2022757365725f6e616d652220093a202261726368727562656e73220a2020090909092c202270726f66696c655f696d61676522203a2022687474703a2f2f696d616765732e696e7374616772616d2e636f6d2f70726f66696c65732f70726f66696c655f31333637343936355f373573715f313332313932333538342e6a7067220a2020090909092c2022757365725f62696f222009093a20226966207468652062696f206973207275737369616e20746865206f626a65637420627265616b73220a2020090909092c2022706f73745f747970652220093a20226661766f7269746564220a2020090909092c202266696c7465722220202009093a20224e61736876696c6c65220a2020090909092c202274616773222020200909093a202224706f73742d3e74616773220a202020202020202020202c202263617074696f6e222009093a20226966207468652063617074696f6e206973207275737369616e20746865206f626a65637420627265616b73220a20200909097d, NULL, '', ''),
(1757, '2-413822614892953515_27988566', '2013-03-17 16:18:41', NULL, 'active', 0x687474703a2f2f64697374696c6c657279696d616765332e73332e616d617a6f6e6177732e636f6d2f64633465336639323866336631316532393334373232303030613966336361655f372e6a7067, '', 0x7b0a202009090909202022757365725f6964222009093a20223237393838353636220a2020090909092c2022757365725f6e616d652220093a2022696e646966666572656e745f6d653233220a2020090909092c202270726f66696c655f696d61676522203a2022687474703a2f2f696d616765732e696e7374616772616d2e636f6d2f70726f66696c65732f70726f66696c655f32373938383536365f373573715f313336333437313634302e6a7067220a2020090909092c2022757365725f62696f222009093a20226966207468652062696f206973207275737369616e20746865206f626a65637420627265616b73220a2020090909092c2022706f73745f747970652220093a20226661766f7269746564220a2020090909092c202266696c7465722220202009093a2022582d50726f204949220a2020090909092c202274616773222020200909093a202224706f73742d3e74616773220a202020202020202020202c202263617074696f6e222009093a20226966207468652063617074696f6e206973207275737369616e20746865206f626a65637420627265616b73220a20200909097d, NULL, '', ''),
(1758, '3-59892998', '2013-02-18 05:14:00', '2013-03-17', 'active', 0x3539383932393938, '', 0x7b0a20202020202009090909202022757365725f6964222009092020203a202231373534383536220a202020202020090909092c2022757365725f6e616d65222020202020203a20226f6e6573697a65220a202020202020090909092c20227469746c6522202020202020092020203a20224649544320416d7374657264616d2032303133207469746c65732e220a202020202020090909092c202275706c6f61645f64617465222009203a2022323031332d30332d31372031393a30303a3033220a202020202020090909092c202270726976616379222020200909203a2022616e79626f6479220a202020202020090909092c202269735f686422202020090909203a202231220a202020202020090909092c20227468756d626e61696c222020202020203a2022687474703a2f2f622e76696d656f63646e2e636f6d2f74732f3431362f3436362f3431363436363835395f313238302e6a706722200a20200909097d, NULL, '', ''),
(1759, '3-60850548', '2013-03-01 13:18:05', '2013-03-12', 'active', 0x3630383530353438, '', 0x7b0a20202020202009090909202022757365725f6964222009092020203a202236383530303236220a202020202020090909092c2022757365725f6e616d65222020202020203a20226e6f6275646765220a202020202020090909092c20227469746c6522202020202020092020203a2022444541544820544f205448452054494e4d414e202873686f72742066696c6d29220a202020202020090909092c202275706c6f61645f64617465222009203a2022323031332d30332d31372031383a35353a3034220a202020202020090909092c202270726976616379222020200909203a2022616e79626f6479220a202020202020090909092c202269735f686422202020090909203a202230220a202020202020090909092c20227468756d626e61696c222020202020203a2022687474703a2f2f622e76696d656f63646e2e636f6d2f74732f3432322f3533362f3432323533363635395f3634302e6a706722200a20200909097d, NULL, '', ''),
(1760, '3-61199251', '2013-03-06 13:07:50', '2013-03-12', 'active', 0x3631313939323531, '', 0x7b0a20202020202009090909202022757365725f6964222009092020203a202232373433333236220a202020202020090909092c2022757365725f6e616d65222020202020203a2022677265656e6c6162656c736f756e64220a202020202020090909092c20227469746c6522202020202020092020203a20224a6f657920426164612424202d205c22556e6f7274686f646f785c22202850726f647563656420627920444a205072656d69657229220a202020202020090909092c202275706c6f61645f64617465222009203a2022323031332d30332d31372031383a35353a3034220a202020202020090909092c202270726976616379222020200909203a2022616e79626f6479220a202020202020090909092c202269735f686422202020090909203a202231220a202020202020090909092c20227468756d626e61696c222020202020203a2022687474703a2f2f622e76696d656f63646e2e636f6d2f74732f3432352f3139352f3432353139353734305f313238302e6a706722200a20200909097d, NULL, '', ''),
(1761, '3-61103187', '2013-03-05 10:33:41', '2013-03-12', 'active', 0x3631313033313837, '', 0x7b0a20202020202009090909202022757365725f6964222009092020203a2022313532313834220a202020202020090909092c2022757365725f6e616d65222020202020203a20227374616666220a202020202020090909092c20227469746c6522202020202020092020203a202256696d656f204f6e2044656d616e643a2053656c6c20796f757220776f726b2c20796f757220776179220a202020202020090909092c202275706c6f61645f64617465222009203a2022323031332d30332d31372031383a35303a3034220a202020202020090909092c202270726976616379222020200909203a2022616e79626f6479220a202020202020090909092c202269735f686422202020090909203a202231220a202020202020090909092c20227468756d626e61696c222020202020203a2022687474703a2f2f622e76696d656f63646e2e636f6d2f74732f3432372f3937322f3432373937323039385f313238302e6a706722200a20200909097d, NULL, '', ''),
(1797, '2-413918445476170565_13941457', '2013-03-17 19:29:05', NULL, 'active', 0x687474703a2f2f64697374696c6c657279696d616765352e73332e616d617a6f6e6177732e636f6d2f37353761363562343866356131316532623937353232303030613166393765395f372e6a7067, '', 0x7b0a202009090909202022757365725f6964222009093a20223133393431343537220a2020090909092c2022757365725f6e616d652220093a20226d6172696e615f667476220a2020090909092c202270726f66696c655f696d61676522203a2022687474703a2f2f696d616765732e696e7374616772616d2e636f6d2f70726f66696c65732f70726f66696c655f31333934313435375f373573715f313332323237323133322e6a7067220a2020090909092c2022757365725f62696f222009093a20226966207468652062696f206973207275737369616e20746865206f626a65637420627265616b73220a2020090909092c2022706f73745f747970652220093a20226661766f7269746564220a2020090909092c202266696c7465722220202009093a2022416d61726f220a2020090909092c202274616773222020200909093a202224706f73742d3e74616773220a202020202020202020202c202263617074696f6e222009093a20226966207468652063617074696f6e206973207275737369616e20746865206f626a65637420627265616b73220a20200909097d, NULL, '', '');

-- --------------------------------------------------------

--
-- Table structure for table `services`
--

CREATE TABLE `services` (
  `s_id` tinyint(2) NOT NULL AUTO_INCREMENT,
  `service_name` varchar(50) CHARACTER SET utf8 COLLATE utf8_bin NOT NULL,
  `service_status` varchar(20) CHARACTER SET utf8 COLLATE utf8_bin NOT NULL,
  `authentication` tinyint(1) NOT NULL DEFAULT '0',
  `base_url` text NOT NULL,
  `app_config` text NOT NULL,
  PRIMARY KEY (`s_id`),
  KEY `service_name` (`service_name`)
) ENGINE=InnoDB  DEFAULT CHARSET=latin1 AUTO_INCREMENT=5 ;

--
-- Dumping data for table `services`
--

INSERT INTO `services` (`s_id`, `service_name`, `service_status`, `authentication`, `base_url`, `app_config`) VALUES
(1, 'twitter', 'inactive', 0, 'https://api.twitter.com/1/', '{"consumer_key" : "Bvz5rxbTq2VNFGrAxouww",\r\n"consumer_secret" : "Ys6lVG0aWiZUaGmlBrFNhY5RMvRKibZ7nbffCtmd4g",\r\n"callback_url" : "http://www.rein.smalldeskideas.com/index.php/callback?service=twitter"}'),
(2, 'instagram', 'active', 0, 'https://api.instagram.com/oauth/authorize/', '{"consumer_key" : "89167de1acc3478ca6c602f0cb3a6893",\r\n"consumer_secret" : "dbe1cb5c5f0a4535b566e73bf06a0455",\r\n"callback_url" : "http://127.0.0.1:8888/auth/callback/instagram"}'),
(3, 'vimeo', 'active', 0, 'https://vimeo.com/oauth/authorize', '{"consumer_key" : "862103b8d1e32733d80d1a7fbfcded18413dca64",\r\n"consumer_secret" : "78a6aa39c0b46970d11946528062bc3acf303ca9"\r\n,\r\n"callback_url" : "http://127.0.0.1:8888/auth/callback/vimeo"\r\n}'),
(4, 'behance', 'active', 0, '', '{"consumer_key" : "ka8Lgf5QquE7OWq98yzkGooiZdegq5KH",\r\n"consumer_secret" : "wabkeW43DJPc8LPxUGo.WRvhs2b4bPnD",\r\n"callback_url" : "http://127.0.0.1:8888/auth/callback/behance"}');

-- --------------------------------------------------------

--
-- Table structure for table `test_foreign`
--

CREATE TABLE `test_foreign` (
  `FK_id` varchar(20) NOT NULL,
  `last_name` varchar(40) NOT NULL,
  KEY `last_name` (`last_name`),
  KEY `FK_id` (`FK_id`)
) ENGINE=InnoDB DEFAULT CHARSET=latin1;

-- --------------------------------------------------------

--
-- Table structure for table `test_primary`
--

CREATE TABLE `test_primary` (
  `id` varchar(20) NOT NULL,
  `name` varchar(30) NOT NULL,
  PRIMARY KEY (`id`),
  KEY `name` (`name`)
) ENGINE=InnoDB DEFAULT CHARSET=latin1;

--
-- Dumping data for table `test_primary`
--

INSERT INTO `test_primary` (`id`, `name`) VALUES
('123', 'GASD');

-- --------------------------------------------------------

--
-- Table structure for table `users`
--

CREATE TABLE `users` (
  `u_id` bigint(11) NOT NULL AUTO_INCREMENT,
  `email` varchar(255) COLLATE utf8_unicode_ci NOT NULL,
  `password` char(32) COLLATE utf8_unicode_ci NOT NULL,
  `user_name` varchar(30) COLLATE utf8_unicode_ci NOT NULL,
  `created_date` timestamp NOT NULL DEFAULT CURRENT_TIMESTAMP,
  `user_status` enum('active','inactive','pending') COLLATE utf8_unicode_ci NOT NULL,
  `user_type` enum('basic','advanced','admin') COLLATE utf8_unicode_ci NOT NULL DEFAULT 'basic',
  PRIMARY KEY (`u_id`),
  UNIQUE KEY `email` (`email`)
) ENGINE=InnoDB  DEFAULT CHARSET=utf8 COLLATE=utf8_unicode_ci AUTO_INCREMENT=27 ;

--
-- Dumping data for table `users`
--

INSERT INTO `users` (`u_id`, `email`, `password`, `user_name`, `created_date`, `user_status`, `user_type`) VALUES
(24, 'gabriel@catasd.com', 'cfe93922228f17994b4eab42614ba76f', 'gabriel', '2013-03-17 21:57:18', 'active', 'basic'),
(25, 'gabriel@catasd23.com', 'e070e73b4c964510aa711899c4a962c4', 'gabrielutz', '2013-03-17 22:04:51', 'active', 'basic'),
(26, 'ca@asd.com', 'd8578edf8458ce06fbc5bb76a58c5ca4', 'hihihi', '2013-03-17 23:23:21', 'active', 'basic');

-- --------------------------------------------------------

--
-- Table structure for table `users_posts_services`
--

CREATE TABLE `users_posts_services` (
  `FK_u_id` bigint(11) NOT NULL,
  `FK_p_id` varchar(70) CHARACTER SET utf8 COLLATE utf8_bin NOT NULL,
  `FK_s_id` tinyint(2) NOT NULL,
  `collected_date` timestamp NOT NULL DEFAULT CURRENT_TIMESTAMP ON UPDATE CURRENT_TIMESTAMP,
  KEY `FK_user_id` (`FK_u_id`,`FK_p_id`),
  KEY `FK_post_id` (`FK_p_id`),
  KEY `FK_s_id` (`FK_s_id`)
) ENGINE=InnoDB DEFAULT CHARSET=latin1;

--
-- Dumping data for table `users_posts_services`
--

INSERT INTO `users_posts_services` (`FK_u_id`, `FK_p_id`, `FK_s_id`, `collected_date`) VALUES
(26, '4-6926699', 4, '2013-03-17 23:28:21'),
(26, '4-5496049', 4, '2013-03-17 23:28:21'),
(26, '4-6657553', 4, '2013-03-17 23:28:21'),
(26, '4-149397', 4, '2013-03-17 23:28:21'),
(26, '4-2646825', 4, '2013-03-17 23:28:21'),
(26, '4-142521', 4, '2013-03-17 23:28:21'),
(26, '4-2385106', 4, '2013-03-17 23:28:21'),
(26, '4-2401896', 4, '2013-03-17 23:28:21'),
(26, '4-1763950', 4, '2013-03-17 23:28:21'),
(26, '4-676135', 4, '2013-03-17 23:28:21'),
(26, '4-1345957', 4, '2013-03-17 23:28:21'),
(26, '4-94133', 4, '2013-03-17 23:28:21'),
(26, '4-805768', 4, '2013-03-17 23:28:21'),
(26, '4-432649', 4, '2013-03-17 23:28:21'),
(26, '4-1123081', 4, '2013-03-17 23:28:21'),
(24, '4-6926699', 4, '2013-03-17 23:29:01'),
(24, '4-5496049', 4, '2013-03-17 23:29:01'),
(24, '4-6657553', 4, '2013-03-17 23:29:01'),
(24, '4-149397', 4, '2013-03-17 23:29:01'),
(24, '4-2646825', 4, '2013-03-17 23:29:01'),
(24, '4-142521', 4, '2013-03-17 23:29:01'),
(24, '4-2385106', 4, '2013-03-17 23:29:01'),
(24, '4-2401896', 4, '2013-03-17 23:29:01'),
(24, '4-1763950', 4, '2013-03-17 23:29:01'),
(24, '4-676135', 4, '2013-03-17 23:29:01'),
(24, '4-1345957', 4, '2013-03-17 23:29:01'),
(24, '4-94133', 4, '2013-03-17 23:29:01'),
(24, '4-805768', 4, '2013-03-17 23:29:01'),
(24, '4-432649', 4, '2013-03-17 23:29:01'),
(24, '4-1123081', 4, '2013-03-17 23:29:01'),
(24, '4-6926699', 4, '2013-03-17 23:29:30'),
(24, '4-5496049', 4, '2013-03-17 23:29:30'),
(24, '4-6657553', 4, '2013-03-17 23:29:30'),
(24, '4-149397', 4, '2013-03-17 23:29:30'),
(24, '4-2646825', 4, '2013-03-17 23:29:30'),
(24, '4-142521', 4, '2013-03-17 23:29:30'),
(24, '4-2385106', 4, '2013-03-17 23:29:30'),
(24, '4-2401896', 4, '2013-03-17 23:29:30'),
(24, '4-1763950', 4, '2013-03-17 23:29:30'),
(24, '4-676135', 4, '2013-03-17 23:29:30'),
(24, '4-1345957', 4, '2013-03-17 23:29:30'),
(24, '4-94133', 4, '2013-03-17 23:29:30'),
(24, '4-805768', 4, '2013-03-17 23:29:30'),
(24, '4-432649', 4, '2013-03-17 23:29:30'),
(24, '4-1123081', 4, '2013-03-17 23:29:30'),
(24, '2-412776334579570703_13674965', 2, '2013-03-17 23:30:44'),
(24, '2-413822614892953515_27988566', 2, '2013-03-17 23:30:44'),
(24, '3-59892998', 3, '2013-03-17 23:36:09'),
(24, '3-60850548', 3, '2013-03-17 23:36:09'),
(24, '3-61199251', 3, '2013-03-17 23:36:09'),
(24, '3-61103187', 3, '2013-03-17 23:36:09'),
(24, '2-412776334579570703_13674965', 2, '2013-03-17 23:38:00'),
(24, '2-413822614892953515_27988566', 2, '2013-03-17 23:38:00'),
(24, '2-412776334579570703_13674965', 2, '2013-03-17 23:39:24'),
(24, '2-413822614892953515_27988566', 2, '2013-03-17 23:39:24'),
(24, '3-59892998', 3, '2013-03-17 23:39:36'),
(24, '3-60850548', 3, '2013-03-17 23:39:36'),
(24, '3-61199251', 3, '2013-03-17 23:39:36'),
(24, '3-61103187', 3, '2013-03-17 23:39:36'),
(24, '4-6926699', 4, '2013-03-17 23:39:48'),
(24, '4-5496049', 4, '2013-03-17 23:39:48'),
(24, '4-6657553', 4, '2013-03-17 23:39:48'),
(24, '4-149397', 4, '2013-03-17 23:39:48'),
(24, '4-2646825', 4, '2013-03-17 23:39:48'),
(24, '4-142521', 4, '2013-03-17 23:39:48'),
(24, '4-2385106', 4, '2013-03-17 23:39:48'),
(24, '4-2401896', 4, '2013-03-17 23:39:48'),
(24, '4-1763950', 4, '2013-03-17 23:39:48'),
(24, '4-676135', 4, '2013-03-17 23:39:48'),
(24, '4-1345957', 4, '2013-03-17 23:39:48'),
(24, '4-94133', 4, '2013-03-17 23:39:48'),
(24, '4-805768', 4, '2013-03-17 23:39:48'),
(24, '4-432649', 4, '2013-03-17 23:39:48'),
(24, '4-1123081', 4, '2013-03-17 23:39:48'),
(24, '2-412776334579570703_13674965', 2, '2013-03-17 23:40:40'),
(24, '2-413822614892953515_27988566', 2, '2013-03-17 23:40:40'),
(24, '3-59892998', 3, '2013-03-17 23:40:52'),
(24, '3-60850548', 3, '2013-03-17 23:40:52'),
(24, '3-61199251', 3, '2013-03-17 23:40:52'),
(24, '3-61103187', 3, '2013-03-17 23:40:52'),
(24, '2-412776334579570703_13674965', 2, '2013-03-17 23:42:25'),
(24, '2-413822614892953515_27988566', 2, '2013-03-17 23:42:25'),
(24, '3-59892998', 3, '2013-03-17 23:43:02'),
(24, '3-60850548', 3, '2013-03-17 23:43:02'),
(24, '3-61199251', 3, '2013-03-17 23:43:02'),
(24, '3-61103187', 3, '2013-03-17 23:43:02'),
(24, '2-413918445476170565_13941457', 2, '2013-03-17 23:43:53'),
(24, '2-412776334579570703_13674965', 2, '2013-03-17 23:43:53'),
(24, '2-413822614892953515_27988566', 2, '2013-03-17 23:43:53');

--
-- Constraints for dumped tables
--

--
-- Constraints for table `access`
--
ALTER TABLE `access`
  ADD CONSTRAINT `access_ibfk_6` FOREIGN KEY (`s_id`) REFERENCES `services` (`s_id`) ON DELETE CASCADE ON UPDATE CASCADE,
  ADD CONSTRAINT `access_ibfk_5` FOREIGN KEY (`u_id`) REFERENCES `users` (`u_id`) ON DELETE CASCADE ON UPDATE CASCADE;

--
-- Constraints for table `test_foreign`
--
ALTER TABLE `test_foreign`
  ADD CONSTRAINT `test_foreign_ibfk_2` FOREIGN KEY (`FK_id`) REFERENCES `test_primary` (`id`) ON DELETE CASCADE ON UPDATE CASCADE;

--
-- Constraints for table `users_posts_services`
--
ALTER TABLE `users_posts_services`
  ADD CONSTRAINT `users_posts_services_ibfk_4` FOREIGN KEY (`FK_u_id`) REFERENCES `users` (`u_id`) ON DELETE CASCADE ON UPDATE CASCADE,
  ADD CONSTRAINT `users_posts_services_ibfk_5` FOREIGN KEY (`FK_p_id`) REFERENCES `posts` (`post_foreign_id`) ON DELETE CASCADE ON UPDATE CASCADE,
  ADD CONSTRAINT `users_posts_services_ibfk_6` FOREIGN KEY (`FK_s_id`) REFERENCES `services` (`s_id`) ON DELETE NO ACTION ON UPDATE NO ACTION;
