-- phpMyAdmin SQL Dump
-- version 3.5.1
-- http://www.phpmyadmin.net
--
-- Host: localhost
-- Generation Time: Apr 01, 2013 at 07:18 AM
-- Server version: 5.5.25
-- PHP Version: 5.3.14

SET SQL_MODE="NO_AUTO_VALUE_ON_ZERO";
SET time_zone = "+00:00";

--
-- Database: `rein`
--

-- --------------------------------------------------------

--
-- Table structure for table `access`
--

CREATE TABLE `access` (
  `a_id` varchar(21) COLLATE utf8_bin NOT NULL,
  `u_id` bigint(11) NOT NULL,
  `s_id` tinyint(4) NOT NULL,
  `access_token` varchar(70) COLLATE utf8_bin NOT NULL,
  `access_token_secret` varchar(70) COLLATE utf8_bin DEFAULT NULL,
  `access_status` varchar(10) COLLATE utf8_bin NOT NULL DEFAULT 'active',
  `fgn_user_id` varchar(40) COLLATE utf8_bin DEFAULT NULL,
  PRIMARY KEY (`a_id`),
  UNIQUE KEY `a_id` (`a_id`),
  KEY `user_id` (`u_id`),
  KEY `service_id` (`s_id`)
) ENGINE=InnoDB DEFAULT CHARSET=utf8 COLLATE=utf8_bin;

--
-- Dumping data for table `access`
--

INSERT INTO `access` (`a_id`, `u_id`, `s_id`, `access_token`, `access_token_secret`, `access_status`, `fgn_user_id`) VALUES
('24-2', 24, 2, '50301110.89167de.b9d6dab7f3874ee4966bb05fcb75e4b0', 'not set', 'active', 'not set'),
('24-3', 24, 3, 'd09d3fcdafa1a28c072f6faa70b4df22', 'f45b49992c2a42a971bc8cb96891bb1abf2837ff', 'active', 'not set'),
('24-4', 24, 4, '0.qHgfEs.fRElqGCVk2BlXCUMZb7sk1_', 'not set', 'active', '260408'),
('25-4', 25, 4, 'ODHIomWssZehdZBvgmzXAwTWgMvhFUL8', 'not set', 'active', '260408'),
('26-2', 26, 2, '50301110.89167de.b9d6dab7f3874ee4966bb05fcb75e4b0', 'not set', 'active', 'not set'),
('26-3', 26, 3, '9f6d69500099cc7ca26834b789731586', '551ab822b2c1a0e45851b9db403fea9231813085', 'active', 'not set'),
('26-4', 26, 4, 'rtf3XmEutZUwNMkDxaXy2aaClYe88cv0', 'not set', 'active', '260408'),
('27-2', 27, 2, '50301110.89167de.b9d6dab7f3874ee4966bb05fcb75e4b0', 'not set', 'active', 'not set'),
('27-3', 27, 3, '70a0b39202eb73d5ff7f29343a9a5098', '0eeba62fa6d3b60fca473d48a2ab31cac103af02', 'active', 'not set'),
('27-4', 27, 4, 'n2mojLM.cGpGmc3O32ibkgaj5RrPlCaT', 'not set', 'active', '260408'),
('37-2', 37, 2, '50301110.89167de.b9d6dab7f3874ee4966bb05fcb75e4b0', 'not set', 'active', 'not set'),
('37-3', 37, 3, '83bf1beb6dd0bd3e0756a04df9d8dc36', '7068ed1e6173944850afe7f3775092ef7628497a', 'active', 'not set'),
('40-2', 40, 2, '50301110.89167de.b9d6dab7f3874ee4966bb05fcb75e4b0', 'not set', 'active', 'not set');

-- --------------------------------------------------------

--
-- Table structure for table `owners`
--

CREATE TABLE `owners` (
  `owner_foreign_id` varchar(50) NOT NULL,
  `owner_username` varchar(50) DEFAULT NULL,
  `owner_display_name` varchar(50) DEFAULT NULL,
  `created_date` date DEFAULT NULL,
  `owner_avatar` varchar(5) DEFAULT NULL,
  UNIQUE KEY `owner_foreign_id` (`owner_foreign_id`)
) ENGINE=InnoDB DEFAULT CHARSET=latin1;

-- --------------------------------------------------------

--
-- Table structure for table `posts`
--

CREATE TABLE `posts` (
  `p_id` bigint(20) NOT NULL AUTO_INCREMENT,
  `post_foreign_id` varchar(70) COLLATE utf8_bin NOT NULL,
  `created_date` datetime NOT NULL,
  `favorited_date` datetime DEFAULT NULL,
  `status` varchar(12) COLLATE utf8_bin NOT NULL,
  `value` text COLLATE utf8_bin NOT NULL,
  `source` text COLLATE utf8_bin,
  `tags` text COLLATE utf8_bin,
  `param` text COLLATE utf8_bin,
  `caption` text COLLATE utf8_bin,
  `thumbnails` text COLLATE utf8_bin,
  `type` varchar(40) COLLATE utf8_bin NOT NULL,
  `batch_id` varchar(10) COLLATE utf8_bin NOT NULL,
  PRIMARY KEY (`p_id`),
  UNIQUE KEY `post_foreign_id` (`post_foreign_id`),
  KEY `post_foreign_id_2` (`post_foreign_id`)
) ENGINE=InnoDB  DEFAULT CHARSET=utf8 COLLATE=utf8_bin COMMENT='This table stores the posts IDs and related User''s Id.' AUTO_INCREMENT=2957 ;

--
-- Dumping data for table `posts`
--

INSERT INTO `posts` (`p_id`, `post_foreign_id`, `created_date`, `favorited_date`, `status`, `value`, `source`, `tags`, `param`, `caption`, `thumbnails`, `type`, `batch_id`) VALUES
(2877, '2-418991939440265967_13941457', '2013-03-24 19:29:13', '2013-03-24 19:29:13', 'active', 0x687474703a2f2f64697374696c6c657279696d616765332e696e7374616772616d2e636f6d2f61326537393036653934646131316532396132613232303030613166623032625f372e6a7067, 0x687474703a2f2f696e7374616772616d2e636f6d2f702f58516a764c79467372762f, 0x5b2272616e67657273222c226d616469736f6e222c22737175617265222c22676f616c222c226f766563686b696e222c2273706f7274222c2267617264656e225d, 0x7b2266696c746572223a2256616c656e636961222c226c6f636174696f6e223a7b226c61746974756465223a34302e3735303636363636372c226c6f6e676974756465223a2d37332e3939337d7d, '', 0x5b22687474703a5c2f5c2f64697374696c6c657279696d616765332e696e7374616772616d2e636f6d5c2f61326537393036653934646131316532396132613232303030613166623032625f352e6a7067225d, '', ''),
(2878, '2-418984694644132443_13941457', '2013-03-24 19:14:49', '2013-03-24 19:14:49', 'active', 0x687474703a2f2f64697374696c6c657279696d616765332e73332e616d617a6f6e6177732e636f6d2f61303231396132303934643831316532393032313232303030613965353136305f372e6a7067, 0x687474703a2f2f696e7374616772616d2e636f6d2f702f5851694677696c7370622f, 0x5b2272616e67657273222c226d616469736f6e222c22737175617265222c22676f222c226e7963222c2273706f7274225d, 0x7b2266696c746572223a22416d61726f222c226c6f636174696f6e223a7b226c61746974756465223a34302e3735303637323138372c226c6f6e676974756465223a2d37332e3939323934383739387d7d, '', 0x5b22687474703a5c2f5c2f64697374696c6c657279696d616765332e73332e616d617a6f6e6177732e636f6d5c2f61303231396132303934643831316532393032313232303030613965353136305f352e6a7067225d, '', ''),
(2879, '2-413911081729575582_13941457', '2013-03-17 19:14:27', '2013-03-17 19:14:27', 'active', 0x687474703a2f2f64697374696c6c657279696d616765362e73332e616d617a6f6e6177732e636f6d2f36613430333963383866353831316532623163353232303030613966313865625f372e6a7067, 0x687474703a2f2f696e7374616772616d2e636f6d2f702f572d67652d54467371652f, 0x5b226d65225d, 0x7b2266696c746572223a224d617966616972222c226c6f636174696f6e223a7b226c61746974756465223a34302e373130352c226c6f6e676974756465223a2d37332e3938373333333333337d7d, '', 0x5b22687474703a5c2f5c2f64697374696c6c657279696d616765362e73332e616d617a6f6e6177732e636f6d5c2f36613430333963383866353831316532623163353232303030613966313865625f352e6a7067225d, '', ''),
(2880, '2-413918445476170565_13941457', '2013-03-17 19:29:05', '2013-03-17 19:29:05', 'active', 0x687474703a2f2f64697374696c6c657279696d616765352e73332e616d617a6f6e6177732e636f6d2f37353761363562343866356131316532623937353232303030613166393765395f372e6a7067, 0x687474703a2f2f696e7374616772616d2e636f6d2f702f572d694b49556c7374462f, 0x5b226e6577796f726b222c226269675f636974795f6c6967687473222c226e69676874225d, 0x7b2266696c746572223a22416d61726f222c226c6f636174696f6e223a7b226c61746974756465223a34302e37313035303934352c226c6f6e676974756465223a2d37332e3938373235313731337d7d, '', 0x5b22687474703a5c2f5c2f64697374696c6c657279696d616765352e73332e616d617a6f6e6177732e636f6d5c2f37353761363562343866356131316532623937353232303030613166393765395f352e6a7067225d, '', ''),
(2881, '2-412776334579570703_13674965', '2013-03-16 05:39:55', '2013-03-16 05:39:55', 'active', 0x687474703a2f2f64697374696c6c657279696d61676531312e73332e616d617a6f6e6177732e636f6d2f37353965613034383865316431316532383737303232303030613966313237385f372e6a7067, 0x687474703a2f2f696e7374616772616d2e636f6d2f702f573665654f71545a67502f, 0x5b5d, 0x7b2266696c746572223a224e61736876696c6c65222c226c6f636174696f6e223a6e756c6c7d, '', 0x5b22687474703a5c2f5c2f64697374696c6c657279696d61676531312e73332e616d617a6f6e6177732e636f6d5c2f37353965613034383865316431316532383737303232303030613966313237385f352e6a7067225d, '', ''),
(2882, '2-413822614892953515_27988566', '2013-03-17 16:18:41', '2013-03-17 16:18:41', 'active', 0x687474703a2f2f64697374696c6c657279696d616765332e73332e616d617a6f6e6177732e636f6d2f64633465336639323866336631316532393334373232303030613966336361655f372e6a7067, 0x687474703a2f2f696e7374616772616d2e636f6d2f702f572d4d586e4974372d722f, 0x5b2266756e222c226e7963222c2270757a7a6c65222c2262726f6f6b6c796e627269646765222c223364225d, 0x7b2266696c746572223a22582d50726f204949222c226c6f636174696f6e223a6e756c6c7d, '', 0x5b22687474703a5c2f5c2f64697374696c6c657279696d616765332e73332e616d617a6f6e6177732e636f6d5c2f64633465336639323866336631316532393334373232303030613966336361655f352e6a7067225d, '', ''),
(2883, '3-59892998', '2013-02-18 05:14:00', '2013-03-17 19:04:54', 'active', 0x3539383932393938, '', 0x5b5d, 0x7b2270726976616379223a22616e79626f6479222c2269735f6864223a2231227d, 0x4649544320416d7374657264616d2032303133207469746c65732e, 0x5b22687474703a5c2f5c2f622e76696d656f63646e2e636f6d5c2f74735c2f3431365c2f3436365c2f3431363436363835395f313238302e6a7067225d, '', ''),
(2884, '3-60850548', '2013-03-01 13:18:05', '2013-03-12 19:26:46', 'active', 0x3630383530353438, '', 0x5b5d, 0x7b2270726976616379223a22616e79626f6479222c2269735f6864223a2230227d, 0x444541544820544f205448452054494e4d414e202873686f72742066696c6d29, 0x5b22687474703a5c2f5c2f622e76696d656f63646e2e636f6d5c2f74735c2f3432325c2f3533365c2f3432323533363635395f3634302e6a7067225d, '', ''),
(2885, '3-61199251', '2013-03-06 13:07:50', '2013-03-12 19:26:45', 'active', 0x3631313939323531, '', 0x5b5d, 0x7b2270726976616379223a22616e79626f6479222c2269735f6864223a2231227d, 0x4a6f657920426164612424202d205c22556e6f7274686f646f785c22202850726f647563656420627920444a205072656d69657229, 0x5b22687474703a5c2f5c2f622e76696d656f63646e2e636f6d5c2f74735c2f3432355c2f3139355c2f3432353139353734305f313238302e6a7067225d, '', ''),
(2886, '3-61103187', '2013-03-05 10:33:41', '2013-03-12 19:26:26', 'active', 0x3631313033313837, '', 0x5b5d, 0x7b2270726976616379223a22616e79626f6479222c2269735f6864223a2231227d, 0x56696d656f204f6e2044656d616e643a2053656c6c20796f757220776f726b2c20796f757220776179, 0x5b22687474703a5c2f5c2f622e76696d656f63646e2e636f6d5c2f74735c2f3432375c2f3937325c2f3432373937323039385f313238302e6a7067225d, '', ''),
(2887, '4-6300167', '2012-12-12 21:53:52', '2013-03-25 00:20:47', 'active', 0x68747470733a2f2f7777772e626568616e63652e6e65742f696d616765732f70726f66696c657331352f3934353137362f70726f6a656374732f363330303136372f3233307830303437313966366266393066656336336463633234376534653765343837352e6a7067, 0x68747470733a2f2f7777772e626568616e63652e6e65742f67616c6c6572792f4c616d626f726768696e692d5468657369732f36333030313637, 0x5b224175746f6d6f746976652044657369676e222c224272616e64696e67222c22496e647573747269616c2044657369676e225d, 0x5b5d, 0x4c616d626f726768696e6920546865736973, 0x7b22313135223a2268747470733a5c2f5c2f7777772e626568616e63652e6e65745c2f696d616765735c2f70726f66696c657331355c2f3934353137365c2f70726f6a656374735c2f363330303136375c2f3131357830303437313966366266393066656336336463633234376534653765343837352e6a7067222c22323032223a2268747470733a5c2f5c2f7777772e626568616e63652e6e65745c2f696d616765735c2f70726f66696c657331355c2f3934353137365c2f70726f6a656374735c2f363330303136375c2f30303437313966366266393066656336336463633234376534653765343837352e6a7067222c22343034223a2268747470733a5c2f5c2f7777772e626568616e63652e6e65745c2f696d616765735c2f70726f66696c657331355c2f3934353137365c2f70726f6a656374735c2f363330303136375c2f3430347830303437313966366266393066656336336463633234376534653765343837352e6a7067222c22323330223a2268747470733a5c2f5c2f7777772e626568616e63652e6e65745c2f696d616765735c2f70726f66696c657331355c2f3934353137365c2f70726f6a656374735c2f363330303136375c2f3233307830303437313966366266393066656336336463633234376534653765343837352e6a7067227d, '', ''),
(2888, '4-4773115', '2012-08-09 06:06:53', '2013-03-24 11:46:49', 'active', 0x68747470733a2f2f7777772e626568616e63652e6e65742f696d616765732f70726f66696c657332302f3837333839312f70726f6a656374732f343737333131352f36666161336538626265653265633064663665306234313733616637626430352e6a7067, 0x68747470733a2f2f7777772e626568616e63652e6e65742f67616c6c6572792f43472d53686f727466696c6d2d5468726f7567682d7468652d4c6f6f6b696e672d476c6173732f34373733313135, 0x5b22436f6d707574657220416e696d6174696f6e222c224469676974616c20417274222c2246696c6d225d, 0x5b5d, 0x43472053686f727466696c6d202d205468726f75676820746865204c6f6f6b696e6720476c617373, 0x7b22313135223a2268747470733a5c2f5c2f7777772e626568616e63652e6e65745c2f696d616765735c2f70726f66696c657332305c2f3837333839315c2f70726f6a656374735c2f343737333131355c2f3131357836666161336538626265653265633064663665306234313733616637626430352e6a7067222c22323032223a2268747470733a5c2f5c2f7777772e626568616e63652e6e65745c2f696d616765735c2f70726f66696c657332305c2f3837333839315c2f70726f6a656374735c2f343737333131355c2f36666161336538626265653265633064663665306234313733616637626430352e6a7067227d, '', ''),
(2889, '4-7775539', '2013-03-24 07:49:02', '2013-03-24 11:44:17', 'active', 0x68747470733a2f2f7777772e626568616e63652e6e65742f696d616765732f70726f66696c657332302f3837333839312f70726f6a656374732f373737353533392f3233307838366262366662613139633763316336643162353135653439303261363762312e6a7067, 0x68747470733a2f2f7777772e626568616e63652e6e65742f67616c6c6572792f50686f746f6772617068792d54696d69736f6172612d436974792f37373735353339, 0x5b224469676974616c2050686f746f677261706879222c2250686f746f677261706879222c2250686f746f6a6f75726e616c69736d225d, 0x5b5d, 0x50686f746f677261706879202d2054696d69736f6172612043697479, 0x7b22313135223a2268747470733a5c2f5c2f7777772e626568616e63652e6e65745c2f696d616765735c2f70726f66696c657332305c2f3837333839315c2f70726f6a656374735c2f373737353533395c2f3131357838366262366662613139633763316336643162353135653439303261363762312e6a7067222c22323032223a2268747470733a5c2f5c2f7777772e626568616e63652e6e65745c2f696d616765735c2f70726f66696c657332305c2f3837333839315c2f70726f6a656374735c2f373737353533395c2f38366262366662613139633763316336643162353135653439303261363762312e6a7067222c22343034223a2268747470733a5c2f5c2f7777772e626568616e63652e6e65745c2f696d616765735c2f70726f66696c657332305c2f3837333839315c2f70726f6a656374735c2f373737353533395c2f3430347838366262366662613139633763316336643162353135653439303261363762312e6a7067222c22323330223a2268747470733a5c2f5c2f7777772e626568616e63652e6e65745c2f696d616765735c2f70726f66696c657332305c2f3837333839315c2f70726f6a656374735c2f373737353533395c2f3233307838366262366662613139633763316336643162353135653439303261363762312e6a7067227d, '', ''),
(2890, '4-6579685', '2013-01-08 13:09:16', '2013-03-23 20:28:10', 'active', 0x68747470733a2f2f7777772e626568616e63652e6e65742f696d616765732f70726f66696c6573342f3130333334332f70726f6a656374732f363537393638352f3233307831303364613866386666383466643238386532663765316330643261616363392e6a7067, 0x68747470733a2f2f7777772e626568616e63652e6e65742f67616c6c6572792f432d546872752d536d6f6b652d446976696e672d48656c6d65742f36353739363835, 0x5b22496e647573747269616c2044657369676e225d, 0x5b5d, 0x432d546872753b20536d6f6b6520446976696e672048656c6d6574, 0x7b22313135223a2268747470733a5c2f5c2f7777772e626568616e63652e6e65745c2f696d616765735c2f70726f66696c6573345c2f3130333334335c2f70726f6a656374735c2f363537393638355c2f3131357831303364613866386666383466643238386532663765316330643261616363392e6a7067222c22323032223a2268747470733a5c2f5c2f7777772e626568616e63652e6e65745c2f696d616765735c2f70726f66696c6573345c2f3130333334335c2f70726f6a656374735c2f363537393638355c2f31303364613866386666383466643238386532663765316330643261616363392e6a7067222c22343034223a2268747470733a5c2f5c2f7777772e626568616e63652e6e65745c2f696d616765735c2f70726f66696c6573345c2f3130333334335c2f70726f6a656374735c2f363537393638355c2f3430347831303364613866386666383466643238386532663765316330643261616363392e6a7067222c22323330223a2268747470733a5c2f5c2f7777772e626568616e63652e6e65745c2f696d616765735c2f70726f66696c6573345c2f3130333334335c2f70726f6a656374735c2f363537393638355c2f3233307831303364613866386666383466643238386532663765316330643261616363392e6a7067227d, '', ''),
(2891, '4-6926699', '2013-01-30 18:25:19', '2013-02-05 11:29:16', 'active', 0x68747470733a2f2f7777772e626568616e63652e6e65742f696d616765732f70726f66696c6573342f3138373139362f70726f6a656374732f363932363639392f3233307863383231613030646633333132396335626638646163613838653364396562312e6a7067, 0x68747470733a2f2f7777772e626568616e63652e6e65742f67616c6c6572792f64697274792d726964652f36393236363939, 0x5b224469676974616c20417274222c22496c6c757374726174696f6e225d, 0x5b5d, 0x64697274792072696465, 0x7b22313135223a2268747470733a5c2f5c2f7777772e626568616e63652e6e65745c2f696d616765735c2f70726f66696c6573345c2f3138373139365c2f70726f6a656374735c2f363932363639395c2f3131357863383231613030646633333132396335626638646163613838653364396562312e6a7067222c22323032223a2268747470733a5c2f5c2f7777772e626568616e63652e6e65745c2f696d616765735c2f70726f66696c6573345c2f3138373139365c2f70726f6a656374735c2f363932363639395c2f63383231613030646633333132396335626638646163613838653364396562312e6a7067222c22343034223a2268747470733a5c2f5c2f7777772e626568616e63652e6e65745c2f696d616765735c2f70726f66696c6573345c2f3138373139365c2f70726f6a656374735c2f363932363639395c2f3430347863383231613030646633333132396335626638646163613838653364396562312e6a7067222c22323330223a2268747470733a5c2f5c2f7777772e626568616e63652e6e65745c2f696d616765735c2f70726f66696c6573345c2f3138373139365c2f70726f6a656374735c2f363932363639395c2f3233307863383231613030646633333132396335626638646163613838653364396562312e6a7067227d, '', ''),
(2892, '4-5496049', '2012-10-12 21:58:36', '2013-01-17 03:37:30', 'active', 0x68747470733a2f2f7777772e626568616e63652e6e65742f696d616765732f70726f66696c6573352f3138383339302f70726f6a656374732f353439363034392f3233307863623836333332386439343836313334633262336631666434306235613366382e6a7067, 0x68747470733a2f2f7777772e626568616e63652e6e65742f67616c6c6572792f43432d53616261746869612d506f737465722d4e696768742f35343936303439, 0x5b2241727420446972656374696f6e222c22477261706869632044657369676e222c2250686f746f677261706879225d, 0x5b5d, 0x434320536162617468696120506f73746572204e69676874, 0x7b22313135223a2268747470733a5c2f5c2f7777772e626568616e63652e6e65745c2f696d616765735c2f70726f66696c6573355c2f3138383339305c2f70726f6a656374735c2f353439363034395c2f3131357863623836333332386439343836313334633262336631666434306235613366382e6a7067222c22323032223a2268747470733a5c2f5c2f7777772e626568616e63652e6e65745c2f696d616765735c2f70726f66696c6573355c2f3138383339305c2f70726f6a656374735c2f353439363034395c2f63623836333332386439343836313334633262336631666434306235613366382e6a7067222c22343034223a2268747470733a5c2f5c2f7777772e626568616e63652e6e65745c2f696d616765735c2f70726f66696c6573355c2f3138383339305c2f70726f6a656374735c2f353439363034395c2f3430347863623836333332386439343836313334633262336631666434306235613366382e6a7067222c22323330223a2268747470733a5c2f5c2f7777772e626568616e63652e6e65745c2f696d616765735c2f70726f66696c6573355c2f3138383339305c2f70726f6a656374735c2f353439363034395c2f3233307863623836333332386439343836313334633262336631666434306235613366382e6a7067227d, '', ''),
(2893, '4-6657553', '2013-01-13 21:45:25', '2013-01-17 03:31:14', 'active', 0x68747470733a2f2f7777772e626568616e63652e6e65742f696d616765732f70726f66696c6573322f3138373334302f70726f6a656374732f363635373535332f3233307831373733386166346238366235613535303132653833623565323136616262382e6a7067, 0x68747470733a2f2f7777772e626568616e63652e6e65742f67616c6c6572792f576f726b2d323031322d323031332f36363537353533, 0x5b22496c6c757374726174696f6e225d, 0x5b5d, 0x576f726b2032303132202d2032303133, 0x7b22313135223a2268747470733a5c2f5c2f7777772e626568616e63652e6e65745c2f696d616765735c2f70726f66696c6573325c2f3138373334305c2f70726f6a656374735c2f363635373535335c2f3131357831373733386166346238366235613535303132653833623565323136616262382e6a7067222c22323032223a2268747470733a5c2f5c2f7777772e626568616e63652e6e65745c2f696d616765735c2f70726f66696c6573325c2f3138373334305c2f70726f6a656374735c2f363635373535335c2f31373733386166346238366235613535303132653833623565323136616262382e6a7067222c22343034223a2268747470733a5c2f5c2f7777772e626568616e63652e6e65745c2f696d616765735c2f70726f66696c6573325c2f3138373334305c2f70726f6a656374735c2f363635373535335c2f3430347831373733386166346238366235613535303132653833623565323136616262382e6a7067222c22323330223a2268747470733a5c2f5c2f7777772e626568616e63652e6e65745c2f696d616765735c2f70726f66696c6573325c2f3138373334305c2f70726f6a656374735c2f363635373535335c2f3233307831373733386166346238366235613535303132653833623565323136616262382e6a7067227d, '', ''),
(2894, '4-149397', '2008-11-20 15:46:34', '2012-01-04 22:32:13', 'active', 0x68747470733a2f2f7777772e626568616e63652e6e65742f696d616765732f70726f66696c65732f38353039392f70726f6a656374732f3134393339372f303835303939313232373231333931342e6a7067, 0x68747470733a2f2f7777772e626568616e63652e6e65742f67616c6c6572792f6c6f676f732f313439333937, 0x5b2244657369676e225d, 0x5b5d, 0x6c6f676f6073, 0x7b22313135223a2268747470733a5c2f5c2f7777772e626568616e63652e6e65745c2f696d616765735c2f70726f66696c65735c2f38353039395c2f70726f6a656374735c2f3134393339375c2f31313578303835303939313232373231333931342e6a7067222c22323032223a2268747470733a5c2f5c2f7777772e626568616e63652e6e65745c2f696d616765735c2f70726f66696c65735c2f38353039395c2f70726f6a656374735c2f3134393339375c2f303835303939313232373231333931342e6a7067227d, '', ''),
(2895, '4-2646825', '2011-12-08 01:23:39', '2011-12-15 22:42:39', 'active', 0x68747470733a2f2f7777772e626568616e63652e6e65742f696d616765732f70726f66696c6573352f3130363735312f70726f6a656374732f323634363832352f66333762663335303735633065316236623563633236373065343230636235352e6a7067, 0x68747470733a2f2f7777772e626568616e63652e6e65742f67616c6c6572792f4c4f474f2d44455349474e2d70726f6a656374732d323031312f32363436383235, 0x5b224c6f676f2064657369676e222c224272616e64696e67222c224c6f676f73225d, 0x5b5d, 0x4c4f474f2044455349474e2070726f6a656374732032303131, 0x7b22313135223a2268747470733a5c2f5c2f7777772e626568616e63652e6e65745c2f696d616765735c2f70726f66696c6573355c2f3130363735315c2f70726f6a656374735c2f323634363832355c2f3131357866333762663335303735633065316236623563633236373065343230636235352e6a7067222c22323032223a2268747470733a5c2f5c2f7777772e626568616e63652e6e65745c2f696d616765735c2f70726f66696c6573355c2f3130363735315c2f70726f6a656374735c2f323634363832355c2f66333762663335303735633065316236623563633236373065343230636235352e6a7067227d, '', ''),
(2896, '4-142521', '2008-10-31 14:55:19', '2011-12-11 22:39:47', 'active', 0x68747470733a2f2f7777772e626568616e63652e6e65742f696d616765732f70726f66696c65732f35393131392f70726f6a656374732f3134323532312f303539313139313237343832333834302e6a7067, 0x68747470733a2f2f7777772e626568616e63652e6e65742f67616c6c6572792f436974796361622d706f737465722f313432353231, 0x5b2246696e652041727473222c22477261706869632044657369676e222c224469676974616c20417274225d, 0x5b5d, 0x4369747963616220706f73746572, 0x7b22313135223a2268747470733a5c2f5c2f7777772e626568616e63652e6e65745c2f696d616765735c2f70726f66696c65735c2f35393131395c2f70726f6a656374735c2f3134323532315c2f31313578303539313139313237343832333834302e6a7067222c22323032223a2268747470733a5c2f5c2f7777772e626568616e63652e6e65745c2f696d616765735c2f70726f66696c65735c2f35393131395c2f70726f6a656374735c2f3134323532315c2f303539313139313237343832333834302e6a7067227d, '', ''),
(2897, '4-2385106', '2011-10-26 09:25:55', '2011-11-05 23:20:20', 'active', 0x68747470733a2f2f7777772e626568616e63652e6e65742f696d616765732f70726f66696c6573332f3137373836362f70726f6a656374732f323338353130362f38353365333538646535396137616165373066376261643231646262643765632e6a7067, 0x68747470733a2f2f7777772e626568616e63652e6e65742f67616c6c6572792f46616d696c6961722d46616365732f32333835313036, 0x5b2250686f746f677261706879222c22436f6d656479222c2246696c6d225d, 0x5b5d, 0x46616d696c696172204661636573, 0x7b22313135223a2268747470733a5c2f5c2f7777772e626568616e63652e6e65745c2f696d616765735c2f70726f66696c6573335c2f3137373836365c2f70726f6a656374735c2f323338353130365c2f3131357838353365333538646535396137616165373066376261643231646262643765632e6a7067222c22323032223a2268747470733a5c2f5c2f7777772e626568616e63652e6e65745c2f696d616765735c2f70726f66696c6573335c2f3137373836365c2f70726f6a656374735c2f323338353130365c2f38353365333538646535396137616165373066376261643231646262643765632e6a7067227d, '', ''),
(2898, '4-2401896', '2011-10-29 06:14:15', '2011-11-05 02:31:08', 'active', 0x68747470733a2f2f7777772e626568616e63652e6e65742f696d616765732f70726f66696c657331332f3236353835382f70726f6a656374732f323430313839362f38333965383437373733643633306361653430306662653130653930316636362e6a7067, 0x68747470733a2f2f7777772e626568616e63652e6e65742f67616c6c6572792f4d657263656465732d42656e7a2d5346312d636f6e636570742f32343031383936, 0x5b22496e647573747269616c2044657369676e222c224175746f6d6f746976652044657369676e225d, 0x5b5d, 0x4d657263656465732d42656e7a202053463120636f6e63657074, 0x7b22313135223a2268747470733a5c2f5c2f7777772e626568616e63652e6e65745c2f696d616765735c2f70726f66696c657331335c2f3236353835385c2f70726f6a656374735c2f323430313839365c2f3131357838333965383437373733643633306361653430306662653130653930316636362e6a7067222c22323032223a2268747470733a5c2f5c2f7777772e626568616e63652e6e65745c2f696d616765735c2f70726f66696c657331335c2f3236353835385c2f70726f6a656374735c2f323430313839365c2f38333965383437373733643633306361653430306662653130653930316636362e6a7067227d, '', ''),
(2899, '4-1763950', '2011-07-10 15:39:22', '2011-10-20 19:15:17', 'active', 0x68747470733a2f2f7777772e626568616e63652e6e65742f696d616765732f70726f66696c6573372f3533353933382f70726f6a656374732f313736333935302f3233307861366266633764663136623139333837633435636533373162306161653535302e6a7067, 0x68747470733a2f2f7777772e626568616e63652e6e65742f67616c6c6572792f706f7274666f6c696f2d322f31373633393530, 0x5b2250686f746f677261706879222c2246696e652041727473222c224164766572746973696e67225d, 0x5b5d, 0x706f7274666f6c696f2032, 0x7b22313135223a2268747470733a5c2f5c2f7777772e626568616e63652e6e65745c2f696d616765735c2f70726f66696c6573375c2f3533353933385c2f70726f6a656374735c2f313736333935305c2f3131357861366266633764663136623139333837633435636533373162306161653535302e6a7067222c22323032223a2268747470733a5c2f5c2f7777772e626568616e63652e6e65745c2f696d616765735c2f70726f66696c6573375c2f3533353933385c2f70726f6a656374735c2f313736333935305c2f61366266633764663136623139333837633435636533373162306161653535302e6a7067222c22343034223a2268747470733a5c2f5c2f7777772e626568616e63652e6e65745c2f696d616765735c2f70726f66696c6573375c2f3533353933385c2f70726f6a656374735c2f313736333935305c2f3430347861366266633764663136623139333837633435636533373162306161653535302e6a7067222c22323330223a2268747470733a5c2f5c2f7777772e626568616e63652e6e65745c2f696d616765735c2f70726f66696c6573375c2f3533353933385c2f70726f6a656374735c2f313736333935305c2f3233307861366266633764663136623139333837633435636533373162306161653535302e6a7067227d, '', ''),
(2900, '4-676135', '2010-08-31 15:05:16', '2011-10-18 23:43:25', 'active', 0x68747470733a2f2f7777772e626568616e63652e6e65742f696d616765732f70726f66696c6573352f3130363735312f70726f6a656374732f3637363133352f32346139613631633839376532656165663761303333373465663137326263352e6a7067, 0x68747470733a2f2f7777772e626568616e63652e6e65742f67616c6c6572792f4c4f474f2d44455349474e2d70726f6a656374732d323031302f363736313335, 0x5b224272616e64696e67222c224c6f676f2044657369676e222c224c6f676f73225d, 0x5b5d, 0x4c4f474f2044455349474e2070726f6a656374732032303130, 0x7b22313135223a2268747470733a5c2f5c2f7777772e626568616e63652e6e65745c2f696d616765735c2f70726f66696c6573355c2f3130363735315c2f70726f6a656374735c2f3637363133355c2f3131357832346139613631633839376532656165663761303333373465663137326263352e6a7067222c22323032223a2268747470733a5c2f5c2f7777772e626568616e63652e6e65745c2f696d616765735c2f70726f66696c6573355c2f3130363735315c2f70726f6a656374735c2f3637363133355c2f32346139613631633839376532656165663761303333373465663137326263352e6a7067227d, '', ''),
(2901, '4-1345957', '2011-05-02 12:43:26', '2011-10-02 20:32:34', 'active', 0x68747470733a2f2f7777772e626568616e63652e6e65742f696d616765732f70726f66696c65732f37333731392f70726f6a656374732f313334353935372f32303836636534656666356363393638623435643035633335376534323935612e6a7067, 0x68747470733a2f2f7777772e626568616e63652e6e65742f67616c6c6572792f566172696f75732f31333435393537, 0x5b22477261706869632044657369676e222c224d6f74696f6e204772617068696373225d, 0x5b5d, 0x566172696f7573, 0x7b22313135223a2268747470733a5c2f5c2f7777772e626568616e63652e6e65745c2f696d616765735c2f70726f66696c65735c2f37333731395c2f70726f6a656374735c2f313334353935375c2f3131357832303836636534656666356363393638623435643035633335376534323935612e6a7067222c22323032223a2268747470733a5c2f5c2f7777772e626568616e63652e6e65745c2f696d616765735c2f70726f66696c65735c2f37333731395c2f70726f6a656374735c2f313334353935375c2f32303836636534656666356363393638623435643035633335376534323935612e6a7067227d, '', ''),
(2902, '4-94133', '2008-05-22 16:23:12', '2011-10-02 20:30:30', 'active', 0x68747470733a2f2f7777772e626568616e63652e6e65742f696d616765732f70726f66696c65732f37333731392f70726f6a656374732f39343133332f34336462613934663832313530376132623236626132343264346562633135392e6a7067, 0x68747470733a2f2f7777772e626568616e63652e6e65742f67616c6c6572792f5072696e742f3934313333, 0x5b224164766572746973696e67222c22477261706869632044657369676e222c2244657369676e225d, 0x5b5d, 0x5072696e74, 0x7b22313135223a2268747470733a5c2f5c2f7777772e626568616e63652e6e65745c2f696d616765735c2f70726f66696c65735c2f37333731395c2f70726f6a656374735c2f39343133335c2f3131357834336462613934663832313530376132623236626132343264346562633135392e6a7067222c22323032223a2268747470733a5c2f5c2f7777772e626568616e63652e6e65745c2f696d616765735c2f70726f66696c65735c2f37333731395c2f70726f6a656374735c2f39343133335c2f34336462613934663832313530376132623236626132343264346562633135392e6a7067227d, '', '');

-- --------------------------------------------------------

--
-- Table structure for table `services`
--

CREATE TABLE `services` (
  `s_id` tinyint(2) NOT NULL AUTO_INCREMENT,
  `service_name` varchar(50) CHARACTER SET utf8 COLLATE utf8_bin NOT NULL,
  `service_status` varchar(20) CHARACTER SET utf8 COLLATE utf8_bin NOT NULL,
  `authentication` tinyint(1) NOT NULL DEFAULT '0',
  `base_url` text NOT NULL,
  `app_config` text NOT NULL,
  PRIMARY KEY (`s_id`),
  KEY `service_name` (`service_name`)
) ENGINE=InnoDB  DEFAULT CHARSET=latin1 AUTO_INCREMENT=5 ;

--
-- Dumping data for table `services`
--

INSERT INTO `services` (`s_id`, `service_name`, `service_status`, `authentication`, `base_url`, `app_config`) VALUES
(1, 'twitter', 'inactive', 0, 'https://api.twitter.com/1/', '{"consumer_key" : "Bvz5rxbTq2VNFGrAxouww",\r\n"consumer_secret" : "Ys6lVG0aWiZUaGmlBrFNhY5RMvRKibZ7nbffCtmd4g",\r\n"callback_url" : "http://www.rein.smalldeskideas.com/index.php/callback?service=twitter"}'),
(2, 'instagram', 'active', 0, 'https://api.instagram.com/oauth/authorize/', '{"consumer_key" : "89167de1acc3478ca6c602f0cb3a6893",\r\n"consumer_secret" : "dbe1cb5c5f0a4535b566e73bf06a0455",\r\n"callback_url" : "http://127.0.0.1:8888/auth/callback/instagram"}'),
(3, 'vimeo', 'active', 0, 'https://vimeo.com/oauth/authorize', '{"consumer_key" : "862103b8d1e32733d80d1a7fbfcded18413dca64",\r\n"consumer_secret" : "78a6aa39c0b46970d11946528062bc3acf303ca9"\r\n,\r\n"callback_url" : "http://127.0.0.1:8888/auth/callback/vimeo"\r\n}'),
(4, 'behance', 'active', 0, '', '{"consumer_key" : "ka8Lgf5QquE7OWq98yzkGooiZdegq5KH",\r\n"consumer_secret" : "wabkeW43DJPc8LPxUGo.WRvhs2b4bPnD",\r\n"callback_url" : "http://127.0.0.1:8888/auth/callback/behance"}');

-- --------------------------------------------------------

--
-- Table structure for table `test_foreign`
--

CREATE TABLE `test_foreign` (
  `FK_id` varchar(20) NOT NULL,
  `last_name` varchar(40) NOT NULL,
  KEY `last_name` (`last_name`),
  KEY `FK_id` (`FK_id`)
) ENGINE=InnoDB DEFAULT CHARSET=latin1;

-- --------------------------------------------------------

--
-- Table structure for table `test_primary`
--

CREATE TABLE `test_primary` (
  `id` varchar(20) NOT NULL,
  `name` varchar(30) NOT NULL,
  PRIMARY KEY (`id`),
  KEY `name` (`name`)
) ENGINE=InnoDB DEFAULT CHARSET=latin1;

--
-- Dumping data for table `test_primary`
--

INSERT INTO `test_primary` (`id`, `name`) VALUES
('123', 'GASD');

-- --------------------------------------------------------

--
-- Table structure for table `users`
--

CREATE TABLE `users` (
  `u_id` bigint(11) NOT NULL AUTO_INCREMENT,
  `email` varchar(255) COLLATE utf8_unicode_ci NOT NULL,
  `password` char(32) COLLATE utf8_unicode_ci NOT NULL,
  `user_name` varchar(30) COLLATE utf8_unicode_ci NOT NULL,
  `first_name` varchar(70) COLLATE utf8_unicode_ci DEFAULT NULL,
  `last_name` varchar(50) COLLATE utf8_unicode_ci DEFAULT NULL,
  `dob` date DEFAULT NULL,
  `avatar` varchar(4) COLLATE utf8_unicode_ci DEFAULT NULL,
  `created_date` timestamp NOT NULL DEFAULT CURRENT_TIMESTAMP,
  `user_status` enum('active','inactive','pending') COLLATE utf8_unicode_ci NOT NULL,
  `user_type` enum('basic','advanced','admin') COLLATE utf8_unicode_ci NOT NULL DEFAULT 'basic',
  PRIMARY KEY (`u_id`),
  UNIQUE KEY `email` (`email`)
) ENGINE=InnoDB  DEFAULT CHARSET=utf8 COLLATE=utf8_unicode_ci AUTO_INCREMENT=42 ;

--
-- Dumping data for table `users`
--

INSERT INTO `users` (`u_id`, `email`, `password`, `user_name`, `first_name`, `last_name`, `dob`, `avatar`, `created_date`, `user_status`, `user_type`) VALUES
(24, 'gabriel@catasd.com', 'cfe93922228f17994b4eab42614ba76f', 'gabriel', NULL, NULL, NULL, NULL, '2013-03-17 21:57:18', 'active', 'basic'),
(25, 'gabriel@catasd23.com', 'e070e73b4c964510aa711899c4a962c4', 'gabrielutz', NULL, NULL, NULL, NULL, '2013-03-17 22:04:51', 'active', 'basic'),
(26, 'ca@asd.com', 'd8578edf8458ce06fbc5bb76a58c5ca4', 'hihihi', NULL, NULL, NULL, NULL, '2013-03-17 23:23:21', 'active', 'basic'),
(27, 'gabriel@casdaatasd.com', '827ccb0eea8a706c4c34a16891f84e7b', 'hellooo', NULL, NULL, NULL, NULL, '2013-03-18 02:20:56', 'active', 'basic'),
(28, 'absoult@ad.omc', 'd8578edf8458ce06fbc5bb76a58c5ca4', 'helelele', NULL, NULL, NULL, NULL, '2013-03-23 14:01:18', 'active', 'basic'),
(29, 'asda@asd.com', 'd8578edf8458ce06fbc5bb76a58c5ca4', 'catana', NULL, NULL, NULL, NULL, '2013-03-25 03:34:00', 'active', 'basic'),
(30, 'je@asd.com', '7815696ecbf1c96e6894b779456d330e', 'jejeje', NULL, NULL, NULL, NULL, '2013-03-25 03:37:40', 'active', 'basic'),
(31, 'asdasd@asd.asd', '7815696ecbf1c96e6894b779456d330e', 'asdasd', NULL, NULL, NULL, NULL, '2013-03-25 03:38:35', 'active', 'basic'),
(32, 'asd@ki.com', 'a8f5f167f44f4964e6c998dee827110c', 'kikiki', NULL, NULL, NULL, NULL, '2013-03-25 03:39:41', 'active', 'basic'),
(33, 'asdasdad@asd.comad', '7815696ecbf1c96e6894b779456d330e', 'ikikiki', NULL, NULL, NULL, NULL, '2013-03-25 03:41:35', 'active', 'basic'),
(34, 'asfd@asd.com', '7815696ecbf1c96e6894b779456d330e', 'kokoko', NULL, NULL, NULL, NULL, '2013-03-25 03:43:50', 'active', 'basic'),
(35, 'asd@asd.com', '7815696ecbf1c96e6894b779456d330e', 'hjhjhj', NULL, NULL, NULL, NULL, '2013-03-25 03:44:34', 'active', 'basic'),
(36, 'ty@sad.com', 'f34d07b202eaeadf913468e95d7fcb86', 'ioioio', NULL, NULL, NULL, NULL, '2013-03-25 03:45:14', 'active', 'basic'),
(37, 'catalin.troia@gmail.com', 'cfe93922228f17994b4eab42614ba76f', '', 'Catalinutz', 'Troia', '0000-00-00', NULL, '2013-04-01 00:37:03', 'active', 'basic'),
(38, 'ioui@asd.com', 'e8acc63b1e238f3255c900eed37254b8', '', NULL, NULL, NULL, NULL, '2013-04-01 00:54:44', 'active', 'basic'),
(39, 'mada@asd.com', 'cfe93922228f17994b4eab42614ba76f', '', NULL, NULL, NULL, NULL, '2013-04-01 04:35:43', 'active', 'basic'),
(40, 'huh@asd.com', 'cfe93922228f17994b4eab42614ba76f', '', NULL, NULL, NULL, NULL, '2013-04-01 04:37:50', 'active', 'basic'),
(41, 'ghgh@asd.co', '17324235011af66d659cbb7a2d2cbe6e', '', NULL, NULL, NULL, NULL, '2013-04-01 05:09:46', 'active', 'basic');

-- --------------------------------------------------------

--
-- Table structure for table `users_posts_services`
--

CREATE TABLE `users_posts_services` (
  `FK_u_id` bigint(11) NOT NULL,
  `FK_p_id` varchar(70) CHARACTER SET utf8 COLLATE utf8_bin NOT NULL,
  `FK_s_id` tinyint(2) NOT NULL,
  `collected_date` timestamp NOT NULL DEFAULT CURRENT_TIMESTAMP ON UPDATE CURRENT_TIMESTAMP,
  KEY `FK_s_id` (`FK_s_id`),
  KEY `FK_u_id` (`FK_u_id`),
  KEY `FK_p_id` (`FK_p_id`)
) ENGINE=InnoDB DEFAULT CHARSET=latin1;

--
-- Dumping data for table `users_posts_services`
--

INSERT INTO `users_posts_services` (`FK_u_id`, `FK_p_id`, `FK_s_id`, `collected_date`) VALUES
(24, '2-418991939440265967_13941457', 2, '2013-03-31 21:27:04'),
(24, '2-418984694644132443_13941457', 2, '2013-03-31 21:27:04'),
(24, '2-413911081729575582_13941457', 2, '2013-03-31 21:27:04'),
(24, '2-413918445476170565_13941457', 2, '2013-03-31 21:27:04'),
(24, '2-412776334579570703_13674965', 2, '2013-03-31 21:27:04'),
(24, '2-413822614892953515_27988566', 2, '2013-03-31 21:27:04'),
(24, '3-59892998', 3, '2013-03-31 21:27:48'),
(24, '3-60850548', 3, '2013-03-31 21:27:48'),
(24, '3-61199251', 3, '2013-03-31 21:27:48'),
(24, '3-61103187', 3, '2013-03-31 21:27:48'),
(24, '4-6300167', 4, '2013-03-31 21:27:59'),
(24, '4-4773115', 4, '2013-03-31 21:27:59'),
(24, '4-7775539', 4, '2013-03-31 21:27:59'),
(24, '4-6579685', 4, '2013-03-31 21:27:59'),
(24, '4-6926699', 4, '2013-03-31 21:27:59'),
(24, '4-5496049', 4, '2013-03-31 21:27:59'),
(24, '4-6657553', 4, '2013-03-31 21:27:59'),
(24, '4-149397', 4, '2013-03-31 21:27:59'),
(24, '4-2646825', 4, '2013-03-31 21:27:59'),
(24, '4-142521', 4, '2013-03-31 21:27:59'),
(24, '4-2385106', 4, '2013-03-31 21:27:59'),
(24, '4-2401896', 4, '2013-03-31 21:27:59'),
(24, '4-1763950', 4, '2013-03-31 21:27:59'),
(24, '4-676135', 4, '2013-03-31 21:27:59'),
(24, '4-1345957', 4, '2013-03-31 21:27:59'),
(24, '4-94133', 4, '2013-03-31 21:27:59'),
(24, '4-6300167', 4, '2013-03-31 21:31:25'),
(24, '4-4773115', 4, '2013-03-31 21:31:25'),
(24, '4-7775539', 4, '2013-03-31 21:31:25'),
(24, '4-6579685', 4, '2013-03-31 21:31:25'),
(24, '4-6926699', 4, '2013-03-31 21:31:25'),
(24, '4-5496049', 4, '2013-03-31 21:31:25'),
(24, '4-6657553', 4, '2013-03-31 21:31:25'),
(24, '4-149397', 4, '2013-03-31 21:31:25'),
(24, '4-2646825', 4, '2013-03-31 21:31:25'),
(24, '4-142521', 4, '2013-03-31 21:31:25'),
(24, '4-2385106', 4, '2013-03-31 21:31:25'),
(24, '4-2401896', 4, '2013-03-31 21:31:25'),
(24, '4-1763950', 4, '2013-03-31 21:31:25'),
(24, '4-676135', 4, '2013-03-31 21:31:25'),
(24, '4-1345957', 4, '2013-03-31 21:31:25'),
(24, '4-94133', 4, '2013-03-31 21:31:25'),
(37, '3-59892998', 3, '2013-04-01 00:47:49'),
(37, '3-60850548', 3, '2013-04-01 00:47:49'),
(37, '3-61199251', 3, '2013-04-01 00:47:49'),
(37, '3-61103187', 3, '2013-04-01 00:47:49'),
(37, '3-59892998', 3, '2013-04-01 00:53:18'),
(37, '3-60850548', 3, '2013-04-01 00:53:18'),
(37, '3-61199251', 3, '2013-04-01 00:53:18'),
(37, '3-61103187', 3, '2013-04-01 00:53:18'),
(37, '3-59892998', 3, '2013-04-01 00:53:50'),
(37, '3-60850548', 3, '2013-04-01 00:53:50'),
(37, '3-61199251', 3, '2013-04-01 00:53:50'),
(37, '3-61103187', 3, '2013-04-01 00:53:50'),
(37, '3-59892998', 3, '2013-04-01 01:20:23'),
(37, '3-60850548', 3, '2013-04-01 01:20:23'),
(37, '3-61199251', 3, '2013-04-01 01:20:23'),
(37, '3-61103187', 3, '2013-04-01 01:20:23'),
(37, '3-59892998', 3, '2013-04-01 01:21:01'),
(37, '3-60850548', 3, '2013-04-01 01:21:01'),
(37, '3-61199251', 3, '2013-04-01 01:21:01'),
(37, '3-61103187', 3, '2013-04-01 01:21:01'),
(37, '2-418991939440265967_13941457', 2, '2013-04-01 01:31:15'),
(37, '2-418984694644132443_13941457', 2, '2013-04-01 01:31:15'),
(37, '2-413911081729575582_13941457', 2, '2013-04-01 01:31:15'),
(37, '2-413918445476170565_13941457', 2, '2013-04-01 01:31:15'),
(37, '2-412776334579570703_13674965', 2, '2013-04-01 01:31:15'),
(37, '2-413822614892953515_27988566', 2, '2013-04-01 01:31:15'),
(37, '2-418991939440265967_13941457', 2, '2013-04-01 02:06:59'),
(37, '2-418984694644132443_13941457', 2, '2013-04-01 02:06:59'),
(37, '2-413911081729575582_13941457', 2, '2013-04-01 02:06:59'),
(37, '2-413918445476170565_13941457', 2, '2013-04-01 02:06:59'),
(37, '2-412776334579570703_13674965', 2, '2013-04-01 02:06:59'),
(37, '2-413822614892953515_27988566', 2, '2013-04-01 02:06:59'),
(40, '2-418991939440265967_13941457', 2, '2013-04-01 04:41:22'),
(40, '2-418984694644132443_13941457', 2, '2013-04-01 04:41:22'),
(40, '2-413911081729575582_13941457', 2, '2013-04-01 04:41:22'),
(40, '2-413918445476170565_13941457', 2, '2013-04-01 04:41:22'),
(40, '2-412776334579570703_13674965', 2, '2013-04-01 04:41:22'),
(40, '2-413822614892953515_27988566', 2, '2013-04-01 04:41:22');

--
-- Constraints for dumped tables
--

--
-- Constraints for table `access`
--
ALTER TABLE `access`
  ADD CONSTRAINT `access_ibfk_5` FOREIGN KEY (`u_id`) REFERENCES `users` (`u_id`) ON DELETE CASCADE ON UPDATE CASCADE,
  ADD CONSTRAINT `access_ibfk_6` FOREIGN KEY (`s_id`) REFERENCES `services` (`s_id`) ON DELETE CASCADE ON UPDATE CASCADE;

--
-- Constraints for table `test_foreign`
--
ALTER TABLE `test_foreign`
  ADD CONSTRAINT `test_foreign_ibfk_2` FOREIGN KEY (`FK_id`) REFERENCES `test_primary` (`id`) ON DELETE CASCADE ON UPDATE CASCADE;

--
-- Constraints for table `users_posts_services`
--
ALTER TABLE `users_posts_services`
  ADD CONSTRAINT `users_posts_services_ibfk_4` FOREIGN KEY (`FK_u_id`) REFERENCES `users` (`u_id`) ON DELETE CASCADE ON UPDATE CASCADE,
  ADD CONSTRAINT `users_posts_services_ibfk_5` FOREIGN KEY (`FK_p_id`) REFERENCES `posts` (`post_foreign_id`) ON DELETE CASCADE ON UPDATE CASCADE,
  ADD CONSTRAINT `users_posts_services_ibfk_6` FOREIGN KEY (`FK_s_id`) REFERENCES `services` (`s_id`) ON DELETE NO ACTION ON UPDATE NO ACTION;
